{
    "NS_Heavy": {
        "config": [
            17,
            75
        ],
        "cost": 809.3333333333334
    },
    "Balanced": {
        "config": [
            28,
            32
        ],
        "cost": 1500.3333333333333
    },
    "EW_Heavy": {
        "config": [
            74,
            20
        ],
        "cost": 1706.0
    }
}
